
-- Inserção de autores
INSERT INTO autor (id_autor, nome_autor, foto_autor) VALUES
(1, 'Machado de Assis', NULL),
(2, 'Stephen King', 'https://upload.wikimedia.org/wikipedia/commons/e/e3/Stephen_King%2C_Comicon.jpg'),
(3, 'J.K. Rowling', 'https://upload.wikimedia.org/wikipedia/commons/5/5d/J._K._Rowling_2010.jpg'),
(4, 'Antoine de Saint-Exupéry', 'https://upload.wikimedia.org/wikipedia/commons/6/63/Antoine_de_Saint-Exupéry_01.jpg'),
(5, 'George Orwell', 'https://upload.wikimedia.org/wikipedia/commons/8/8e/George_Orwell_press_photo.jpg'),
(6, 'Sun Tzu', NULL),
(7, 'J.R.R. Tolkien', 'https://upload.wikimedia.org/wikipedia/commons/b/b4/Tolkien_1916.jpg'),
(8, 'Gabriel García Márquez', 'https://upload.wikimedia.org/wikipedia/commons/1/11/Gabriel_Garcia_Marquez.jpg'),
(9, 'Dan Brown', 'https://upload.wikimedia.org/wikipedia/commons/1/10/Dan_Brown_2017.jpg');

-- Inserção de usuários
INSERT INTO user (id_user, nome, email, telefone, password, is_bibliotecario) VALUES
(1, 'Ana Silva', 'ana@email.com', '11999999999', 'senha123', 0),
(2, 'Carlos Souza', 'carlos@email.com', '11888888888', 'admin123', 1);

-- Inserção de livros
-- Inserção de livros
INSERT INTO livro (id_livro, titulo, editora, ano_publicacao, sinopse, imagem_capa, categoria_livro, quantidade_total,  id_autor) VALUES
(1, 'Dom Casmurro', 'CARAMURE', '1899-01-01', 'Clássico da literatura brasileira.', 'https://m.media-amazon.com/images/I/61Z2bMhGicL.jpg', 'ROMANCE', 1, 5),
(2, 'It - A Coisa', 'DARKSIDE', '1986-01-01', 'Obra de terror de Stephen King.', 'https://covers.openlibrary.org/b/id/8231851-L.jpg', 'TERROR', 2, 3),
(3, 'Harry Potter e a Pedra Filosofal', 'ROCCO', '1997-06-26', 'Primeiro livro da saga.', 'https://covers.openlibrary.org/b/id/7984916-L.jpg', 'FANTASIA', 3, 7),
(4, 'O Pequeno Príncipe', 'FTD', '1943-04-06', 'Uma fábula filosófica sobre amor e amizade.', 'https://covers.openlibrary.org/b/id/7222246-L.jpg', 'INFANTIL', 4, 4),
(5, '1984', 'COMPANHIA_DAS_LETRAS', '1949-06-08', 'Distopia clássica sobre vigilância e controle.', 'https://m.media-amazon.com/images/I/819js3EQwbL.jpg', 'FICCAO', 5, 6),
(6, 'A Arte da Guerra', 'ALTA_BOOKS', '0500-01-01', 'Tratado militar e filosófico chinês.', 'https://covers.openlibrary.org/b/id/8319256-L.jpg', 'FILOSOFIA', 6, 2),
(7, 'O Senhor dos Anéis: A Sociedade do Anel', 'MARTINS_FONTES', '1954-07-29', 'A jornada de Frodo para destruir o Um Anel.', 'https://covers.openlibrary.org/b/id/8235110-L.jpg', 'FANTASIA', 7, 5),
(8, 'A Revolução dos Bichos', 'COMPANHIA_DAS_LETRAS', '1945-08-17', 'Sátira política sobre o totalitarismo.', 'https://covers.openlibrary.org/b/id/8268232-L.jpg', 'FICCAO', 5, 4),
(9, 'Cem Anos de Solidão', 'RECORD', '1967-05-30', 'Saga da família Buendía na fictícia Macondo.', 'https://covers.openlibrary.org/b/id/8231830-L.jpg', 'ROMANCE', 8, 3),
(10, 'O Código Da Vinci', 'ARQUEIRO', '2003-03-18', 'Suspense envolvendo símbolos e história religiosa.', 'https://covers.openlibrary.org/b/id/8226190-L.jpg', 'SUSPENSE', 9, 6),
(11, 'Ilíada', 'COMPANHIA_DAS_LETRAS', '0800-01-01', 'Epopéia grega atribuída a Homero.', 'https://covers.openlibrary.org/b/id/8230000-L.jpg', 'HISTORIA', 10, 5),
(12, 'Odisseia', 'COMPANHIA_DAS_LETRAS', '0800-01-01', 'A jornada de Odisseu após a guerra de Troia.', 'https://covers.openlibrary.org/b/id/8230001-L.jpg', 'AVENTURA', 10, 5),
(13, 'Hamlet', 'ROCCO', '1603-01-01', 'Tragédia de Shakespeare sobre vingança e loucura.', 'https://covers.openlibrary.org/b/id/8230002-L.jpg', 'HISTORIA', 11, 6),
(14, 'A Divina Comédia', 'ROCCO', '1320-01-01', 'Viagem alegórica por Inferno, Purgatório e Paraíso.', 'https://covers.openlibrary.org/b/id/8230003-L.jpg', 'FANTASIA', 12, 6),
(15, 'Em Busca do Tempo Perdido', 'ROCCO', '1913-01-01', 'Monumental obra de Marcel Proust sobre memória.', 'https://covers.openlibrary.org/b/id/8230004-L.jpg', 'ROMANCE', 13, 4),
(16, 'Ulisses', 'ROCCO', '1922-02-02', 'Romance inovador de James Joyce sobre o dia a dia.', 'https://covers.openlibrary.org/b/id/8230005-L.jpg', 'FICCAO', 14, 4),
(17, 'Guerra e Paz', 'COMPANHIA_DAS_LETRAS', '1869-01-01', 'Grande épico de Tolstói sobre a invasão napoleônica.', 'https://covers.openlibrary.org/b/id/8230006-L.jpg', 'ROMANCE', 15, 6),
(18, 'Crime e Castigo', 'COMPANHIA_DAS_LETRAS', '1866-01-01', 'Dilemas morais de um jovem que comete um assassinato.', 'https://covers.openlibrary.org/b/id/8230007-L.jpg', 'DRAMA', 16, 5),
(19, 'Madame Bovary', 'ROCCO', '1856-01-01', 'Retrato de uma mulher presa na insatisfação romântica.', 'https://covers.openlibrary.org/b/id/8230008-L.jpg', 'ROMANCE', 17, 5),
(20, 'Fausto', 'ROCCO', '1808-01-01', 'Tragédia alemã sobre pacto com o diabo.', 'https://covers.openlibrary.org/b/id/8230009-L.jpg', 'FANTASIA', 18, 4),
(21, 'O Processo', 'ROCCO', '1925-01-01', 'Pesadelo burocrático kafkiano.', 'https://covers.openlibrary.org/b/id/8230010-L.jpg', 'MISTERIO', 19, 5),
(22, 'As Flores do Mal', 'ROCCO', '1857-01-01', 'Poesia visionária de Baudelaire.', 'https://covers.openlibrary.org/b/id/8230011-L.jpg', 'POESIA', 20, 4),
(23, 'O Som e a Fúria', 'ROCCO', '1929-01-01', 'Romance modernista de Faulkner narrado em múltiplas vozes.', 'https://covers.openlibrary.org/b/id/8230012-L.jpg', 'FICCAO', 21, 4),
(24, 'O Grande Gatsby', 'COMPANHIA_DAS_LETRAS', '1925-01-01', 'Crítica à Era do Jazz e ao sonho americano.', 'https://covers.openlibrary.org/b/id/8230013-L.jpg', 'ROMANCE', 22, 6),
(25, 'Admirável Mundo Novo', 'COMPANHIA_DAS_LETRAS', '1932-01-01', 'Distopia sobre controle social e tecnologia.', 'https://covers.openlibrary.org/b/id/8230014-L.jpg', 'FICCAO', 23, 5),
(26, 'Mrs. Dalloway', 'ROCCO', '1925-01-01', 'Dia na vida de uma mulher e fragmentos de memórias.', 'https://covers.openlibrary.org/b/id/8230015-L.jpg', 'DRAMA', 24, 5),
(27, 'Moby Dick', 'ROCCO', '1851-01-01', 'Busca obsessiva pela baleia branca.', 'https://covers.openlibrary.org/b/id/8230016-L.jpg', 'AVENTURA', 25, 5),
(28, 'Grande Sertão: Veredas', 'COMPANHIA_DAS_LETRAS', '1956-01-01', 'Romance modernista brasileiro sobre vida no sertão.', 'https://covers.openlibrary.org/b/id/8230017-L.jpg', 'ROMANCE', 26, 6),
(29, 'Pedro Páramo', 'COMPANHIA_DAS_LETRAS', '1955-01-01', 'Narrativa mexicana sobre fantasmas e silêncio.', 'https://covers.openlibrary.org/b/id/8230018-L.jpg', 'FANTASIA', 27, 5),
(30, 'O Estrangeiro', 'COMPANHIA_DAS_LETRAS', '1942-01-01', 'Existencialismo e choque cultural na Argélia colonial.', 'https://covers.openlibrary.org/b/id/8230019-L.jpg', 'FICCAO', 28, 5),
(31, 'A Metamorfose', 'INTRINSECA', '1915-01-01', 'Transformação surreal de Gregor Samsa.', 'https://covers.openlibrary.org/b/id/8230020-L.jpg', 'FICCAO', 29, 5),
(32, 'O Hobbit', 'ROCCO', '1937-09-21', 'A aventura inicial na Terra Média.', 'https://covers.openlibrary.org/b/id/8230021-L.jpg', 'FANTASIA', 7, 6),
(33, 'O Nome da Rosa', 'ARQUEIRO', '1980-01-01', 'Mistério medieval de Umberto Eco.', 'https://covers.openlibrary.org/b/id/8230022-L.jpg', 'MISTERIO', 30, 5),
(34, 'A Sombra do Vento', 'RECORD', '2001-01-01', 'Romance sobre livros perdidos e segredos.', 'https://covers.openlibrary.org/b/id/8230023-L.jpg', 'ROMANCE', 31, 5),
(35, 'O Caçador de Pipas', 'PLANETA_DO_BRASIL', '2003-05-29', 'História de amizade e traição no Afeganistão.', 'https://covers.openlibrary.org/b/id/8230024-L.jpg', 'ROMANCE', 32, 7),
(36, 'O Sol é para Todos', 'COMPANHIA_DAS_LETRAS', '1960-07-11', 'Luta contra o racismo no Sul dos EUA.', 'https://covers.openlibrary.org/b/id/8230025-L.jpg', 'DRAMA', 33, 6),
(37, 'O Morro dos Ventos Uivantes', 'ROCCO', '1847-12-01', 'Tragédia romântica na zona rural.', 'https://covers.openlibrary.org/b/id/8230026-L.jpg', 'ROMANCE', 34, 4),
(38, 'O Diário de Anne Frank', 'PAULUS', '1947-01-01', 'Relato real da Segunda Guerra Mundial.', 'https://covers.openlibrary.org/b/id/8230027-L.jpg', 'BIOGRAFIA', 35, 5),
(39, 'O Pequeno Príncipe', 'FTD', '1943-04-06', 'Fábula filosófica sobre amor e amizade.', 'https://covers.openlibrary.org/b/id/8230028-L.jpg', 'INFANTIL', 4, 7),
(40, 'O Apanhador no Campo de Centeio', 'RECORD', '1951-07-16', 'Romance de formação e alienação.', 'https://covers.openlibrary.org/b/id/8230029-L.jpg', 'ROMANCE', 36, 6),
(41, 'O Guia do Mochileiro das Galáxias', 'INTRINSECA', '1979-10-12', 'Humor e ficção científica.', 'https://covers.openlibrary.org/b/id/8230030-L.jpg', 'FICCAO', 37, 5),
(42, 'O Senhor dos Anéis: As Duas Torres', 'MARTINS_FONTES', '1954-11-11', 'Segunda parte da saga.', 'https://covers.openlibrary.org/b/id/8230031-L.jpg', 'FANTASIA', 7, 6),
(43, 'O Senhor dos Anéis: O Retorno do Rei', 'MARTINS_FONTES', '1955-10-20', 'Conclusão épica da saga.', 'https://covers.openlibrary.org/b/id/8230032-L.jpg', 'FANTASIA', 7, 7),
(44, 'O Velho e o Mar', 'COMPANHIA_DAS_LETRAS', '1952-09-01', 'Luta entre um velho pescador e um peixe gigante.', 'https://covers.openlibrary.org/b/id/8230033-L.jpg', 'FICCAO', 38, 5),
(45, 'O Conde de Monte Cristo', 'COMPANHIA_DAS_LETRAS', '1844-08-28', 'História de vingança e justiça.', 'https://covers.openlibrary.org/b/id/8230034-L.jpg', 'AVENTURA', 39, 6),
(46, 'O Retrato de Dorian Gray', 'ROCCO', '1890-06-20', 'A vida de um homem que não envelhece.', 'https://covers.openlibrary.org/b/id/8230035-L.jpg', 'ROMANCE', 40, 5),
(47, 'O Silmarillion', 'ROCCO', '1977-09-15', 'Histórias da criação da Terra Média.', 'https://covers.openlibrary.org/b/id/8230036-L.jpg', 'FANTASIA', 7, 4),
(48, 'Os Miseráveis', 'COMPANHIA_DAS_LETRAS', '1862-01-01', 'Romance sobre justiça social e redenção.', 'https://covers.openlibrary.org/b/id/8230037-L.jpg', 'ROMANCE', 41, 7),
(49, 'A Menina que Roubava Livros', 'SARAIVA', '2005-03-14', 'História durante a Segunda Guerra Mundial.', 'https://covers.openlibrary.org/b/id/8230038-L.jpg', 'ROMANCE', 42, 5),
(50, 'O Conto da Aia', 'COMPANHIA_DAS_LETRAS', '1985-01-01', 'Distopia feminista.', 'https://covers.openlibrary.org/b/id/8230039-L.jpg', 'FICCAO', 43, 4),
(51, 'A Cabana', 'SARAIVA', '2007-01-01', 'Drama espiritual sobre fé e redenção.', 'https://covers.openlibrary.org/b/id/8230040-L.jpg', 'DRAMA', 44, 5),
(52, 'O Poder do Hábito', 'MANOLE', '2012-02-28', 'Como hábitos moldam a vida.', 'https://covers.openlibrary.org/b/id/8230041-L.jpg', 'AUTOAJUDA', 45, 6),
(53, 'O Homem que Calculava', 'MARTINS_FONTES', '1938-01-01', 'Contos matemáticos e aventuras.', 'https://covers.openlibrary.org/b/id/8230042-L.jpg', 'AVENTURA', 46, 4),
(54, 'O Diário de um Mago', 'PLANETA_DO_BRASIL', '1997-01-01', 'Jornada espiritual e autoconhecimento.', 'https://covers.openlibrary.org/b/id/8230043-L.jpg', 'AUTOAJUDA', 47, 5),
(55, 'O Alquimista', 'ROCCO', '1988-01-01', 'Fábula sobre seguir seus sonhos.', 'https://covers.openlibrary.org/b/id/8230044-L.jpg', 'FICCAO', 48, 7),
(56, 'O Vendedor de Sonhos', 'SARAIVA', '2008-01-01', 'Reflexões sobre a vida e a sociedade.', 'https://covers.openlibrary.org/b/id/8230045-L.jpg', 'FICCAO', 49, 6),
(57, 'O Mundo de Sofia', 'PLANETA_DO_BRASIL', '1991-01-01', 'Introdução à filosofia para jovens.', 'https://covers.openlibrary.org/b/id/8230046-L.jpg', 'FILOSOFIA', 50, 5),
(58, 'O Gene Egoísta', 'ROCCO', '1976-01-01', 'Teoria da evolução genética.', 'https://covers.openlibrary.org/b/id/8230047-L.jpg', 'CIENCIA', 51, 4),
(59, 'Sapiens: Uma Breve História da Humanidade', 'PAULUS', '2011-01-01', 'História da humanidade.', 'https://covers.openlibrary.org/b/id/8230048-L.jpg', 'HISTORIA', 52, 6),
(60, 'Homo Deus', 'PAULUS', '2015-01-01', 'Futuro da humanidade.', 'https://covers.openlibrary.org/b/id/8230049-L.jpg', 'CIENCIA', 52, 5),
(61, 'O Príncipe', 'ALTA_BOOKS', '1532-01-01', 'Tratado político de Maquiavel.', 'https://covers.openlibrary.org/b/id/8230050-L.jpg', 'FILOSOFIA', 53, 6),
(62, 'O Livro dos Espíritos', 'PAULUS', '1857-01-01', 'Fundamentos do espiritismo.', 'https://covers.openlibrary.org/b/id/8230051-L.jpg', 'FILOSOFIA', 54, 5),
(63, 'O Capital', 'MARTINS_FONTES', '1867-01-01', 'Análise econômica de Marx.', 'https://covers.openlibrary.org/b/id/8230052-L.jpg', 'CIENCIA', 55, 4),
(64, 'A Origem das Espécies', 'PAULUS', '1859-01-01', 'Teoria da evolução de Darwin.', 'https://covers.openlibrary.org/b/id/8230053-L.jpg', 'CIENCIA', 56, 5),
(65, 'O Lobo da Estepe', 'INTRINSECA', '1927-01-01', 'Romance filosófico sobre a dualidade humana.', 'https://covers.openlibrary.org/b/id/8230054-L.jpg', 'FICCAO', 57, 4),
(66, 'A Revolução dos Bichos', 'COMPANHIA_DAS_LETRAS', '1945-08-17', 'Sátira política sobre o totalitarismo.', 'https://covers.openlibrary.org/b/id/8230055-L.jpg', 'FICCAO', 58, 5),
(67, 'O Diário de Anne Frank', 'PAULUS', '1947-01-01', 'Relato real da Segunda Guerra Mundial.', 'https://covers.openlibrary.org/b/id/8230056-L.jpg', 'BIOGRAFIA', 59, 5),
(68, 'O Mundo Assombrado pelos Demônios', 'ROCCO', '1995-01-01', 'Ciência, pseudociência e pensamento crítico.', 'https://covers.openlibrary.org/b/id/8230057-L.jpg', 'CIENCIA', 60, 6),
(69, 'Cosmos', 'ROCCO', '1980-01-01', 'Exploração do universo.', 'https://covers.openlibrary.org/b/id/8230058-L.jpg', 'CIENCIA', 60, 6),
(70, 'O Pequeno Príncipe', 'FTD', '1943-04-06', 'Fábula filosófica sobre amor e amizade.', 'https://covers.openlibrary.org/b/id/8230059-L.jpg', 'INFANTIL', 61, 6),
(71, 'A Cabana', 'SARAIVA', '2007-01-01', 'Drama espiritual sobre fé e redenção.', 'https://covers.openlibrary.org/b/id/8230060-L.jpg', 'DRAMA', 62, 5),
(72, 'O Caçador de Pipas', 'PLANETA_DO_BRASIL', '2003-05-29', 'História de amizade e traição no Afeganistão.', 'https://covers.openlibrary.org/b/id/8230061-L.jpg', 'ROMANCE', 63, 6),
(73, 'O Nome da Rosa', 'ARQUEIRO', '1980-01-01', 'Mistério medieval de Umberto Eco.', 'https://covers.openlibrary.org/b/id/8230062-L.jpg', 'MISTERIO', 64, 5),
(74, 'A Sombra do Vento', 'RECORD', '2001-01-01', 'Romance sobre livros perdidos e segredos.', 'https://covers.openlibrary.org/b/id/8230063-L.jpg', 'ROMANCE', 65, 5),
(75, 'O Silmarillion', 'ROCCO', '1977-09-15', 'Histórias da criação da Terra Média.', 'https://covers.openlibrary.org/b/id/8230064-L.jpg', 'FANTASIA', 7, 5),
(76, 'O Hobbit', 'ROCCO', '1937-09-21', 'A aventura inicial na Terra Média.', 'https://covers.openlibrary.org/b/id/8230065-L.jpg', 'FANTASIA', 7, 7),
(77, 'A Divina Comédia', 'ROCCO', '1320-01-01', 'Viagem alegórica por Inferno, Purgatório e Paraíso.', 'https://covers.openlibrary.org/b/id/8230066-L.jpg', 'FANTASIA', 66, 6),
(78, 'Hamlet', 'ROCCO', '1603-01-01', 'Tragédia de Shakespeare sobre vingança e loucura.', 'https://covers.openlibrary.org/b/id/8230067-L.jpg', 'ROMANCE', 67, 5),
(79, 'O Príncipe', 'ALTA_BOOKS', '1532-01-01', 'Tratado político de Maquiavel.', 'https://covers.openlibrary.org/b/id/8230068-L.jpg', 'FILOSOFIA', 68, 4),
(80, 'O Capital', 'MARTINS_FONTES', '1867-01-01', 'Análise econômica de Marx.', 'https://covers.openlibrary.org/b/id/8230069-L.jpg', 'ROMANCE', 69, 5),
(81, 'O Gene Egoísta', 'ROCCO', '1976-01-01', 'Teoria da evolução genética.', 'https://covers.openlibrary.org/b/id/8230070-L.jpg', 'CIENCIA', 70, 4),
(82, 'Sapiens: Uma Breve História da Humanidade', 'PAULUS', '2011-01-01', 'História da humanidade.', 'https://covers.openlibrary.org/b/id/8230071-L.jpg', 'HISTORIA', 71, 6),
(83, 'Homo Deus', 'PAULUS', '2015-01-01', 'Futuro da humanidade.', 'https://covers.openlibrary.org/b/id/8230072-L.jpg', 'CIENCIA', 71, 5),
(84, 'O Homem que Calculava', 'MARTINS_FONTES', '1938-01-01', 'Contos matemáticos e aventuras.', 'https://covers.openlibrary.org/b/id/8230073-L.jpg', 'AVENTURA', 72, 4),
(85, 'O Poder do Hábito', 'MANOLE', '2012-02-28', 'Como hábitos moldam a vida.', 'https://covers.openlibrary.org/b/id/8230074-L.jpg', 'AUTOAJUDA', 73, 6),
(86, 'O Vendedor de Sonhos', 'SARAIVA', '2008-01-01', 'Reflexões sobre a vida e a sociedade.', 'https://covers.openlibrary.org/b/id/8230075-L.jpg', 'FICCAO', 74, 6),
(87, 'O Mundo de Sofia', 'PLANETA_DO_BRASIL', '1991-01-01', 'Introdução à filosofia para jovens.', 'https://covers.openlibrary.org/b/id/8230076-L.jpg', 'FILOSOFIA', 75, 5),
(88, 'O Diário de um Mago', 'PLANETA_DO_BRASIL', '1997-01-01', 'Jornada espiritual e autoconhecimento.', 'https://covers.openlibrary.org/b/id/8230077-L.jpg', 'AUTOAJUDA', 76, 5),
(89, 'O Alquimista', 'ROCCO', '1988-01-01', 'Fábula sobre seguir seus sonhos.', 'https://covers.openlibrary.org/b/id/8230078-L.jpg', 'FICCAO', 77, 7),
(90, 'O Mundo Assombrado pelos Demônios', 'ROCCO', '1995-01-01', 'Ciência, pseudociência e pensamento crítico.', 'https://covers.openlibrary.org/b/id/8230079-L.jpg', 'CIENCIA', 78, 6),
(91, 'Cosmos', 'ROCCO', '1980-01-01', 'Exploração do universo.', 'https://covers.openlibrary.org/b/id/8230080-L.jpg', 'CIENCIA', 78, 6),
(92, 'O Pequeno Príncipe', 'FTD', '1943-04-06', 'Fábula filosófica sobre amor e amizade.', 'https://covers.openlibrary.org/b/id/8230081-L.jpg', 'INFANTIL', 79, 6),
(93, 'A Menina que Roubava Livros', 'SARAIVA', '2005-03-14', 'História durante a Segunda Guerra Mundial.', 'https://covers.openlibrary.org/b/id/8230082-L.jpg', 'ROMANCE', 80, 5),
(94, 'O Conto da Aia', 'COMPANHIA_DAS_LETRAS', '1985-01-01', 'Distopia feminista.', 'https://covers.openlibrary.org/b/id/8230083-L.jpg', 'FICCAO', 81, 4),
(95, 'O Morro dos Ventos Uivantes', 'ROCCO', '1847-12-01', 'Tragédia romântica na zona rural.', 'https://covers.openlibrary.org/b/id/8230084-L.jpg', 'ROMANCE', 82, 4),
(96, 'O Diário de Anne Frank', 'PAULUS', '1947-01-01', 'Relato real da Segunda Guerra Mundial.', 'https://covers.openlibrary.org/b/id/8230085-L.jpg', 'BIOGRAFIA', 83, 5),
(97, 'O Apanhador no Campo de Centeio', 'RECORD', '1951-07-16', 'Romance de formação e alienação.', 'https://covers.openlibrary.org/b/id/8230086-L.jpg', 'ROMANCE', 84, 6),
(98, 'O Guia do Mochileiro das Galáxias', 'INTRINSECA', '1979-10-12', 'Humor e ficção científica.', 'https://covers.openlibrary.org/b/id/8230087-L.jpg', 'FICCAO', 85, 5),
(99, 'O Velho e o Mar', 'COMPANHIA_DAS_LETRAS', '1952-09-01', 'Luta entre um velho pescador e um peixe gigante.', 'https://covers.openlibrary.org/b/id/8230088-L.jpg', 'FICCAO', 86, 5),
(100, 'O Conde de Monte Cristo', 'COMPANHIA_DAS_LETRAS', '1844-08-28', 'História de vingança e justiça.', 'https://covers.openlibrary.org/b/id/8230089-L.jpg', 'AVENTURA', 87, 6);


-- Inserção de empréstimos
INSERT INTO emprestimo (data_emprestimo, data_devolucao_prevista, data_devolucao, devolvido,
    id_livro, id_user
) VALUES
(CURDATE(), DATE_ADD(CURDATE(), INTERVAL 14 DAY), NULL, 0, 1, 1),
(CURDATE(), DATE_ADD(CURDATE(), INTERVAL 14 DAY), NULL, 0, 3, 2);